{
  "title": "**Chess Game Request**",
  "description": "You have received a game request from **{user}**.",
  "color": 3407871,
  "thumbnail": {
    "url": "https://cdn.discordapp.com/embed/avatars/0.png"
  },
  "fields": [
    {
      "name": "**Game Info**",
      "value": "**Ranked:** {ranked}\n**Clock Time:** {time}\n**Side (You):** {color}",
      "inline": true
    },
    {
      "name": "**Opponent Info**",
      "value": "**Rating:** {elo}\n",
      "inline": true
    },
    {
      "name": "**Game Link**",
      "value": "[Accept Request]({link})\n\nNote that by clicking the above link you are accepting the game request, abandoning a game means an automatic loss."
    }
  ]
}