{
  "title": "**Chess Bot Help**",
  "description": "Below are some helpful tips on how to use Chess Bot!",
  "color": 3407871,
  "fields": [
    {
      "name": "Commands",
      "value": "If you would like a list of user commands for chess bot then please use the command **help commands** here."
    },
    {
      "name": "Learn More",
      "value": "Learn more about chess bot and everything it can do from [our website]()!"
    },
    {
      "name": "Quickstart",
      "value": "If you dont care about all the bells and whistles and just want to play some chess, follow these steps:\n\n**1.** Respond with **register** here if you are a first time user.\n**2.** Challenge a user to a game of chess by using the following command on a server with chessbot **$chess play** [**@OtherUser**](http://google.com/search?q=How%20do%20i%20@%20someone%20on%20discord?)\n**3.** You can the other user will be sent a link where you can play each-other in chess! "
    }
  ]
}