{
  "title": "**Game Started**",
  "description": "Users **{white}** and **{black}** have started a game!",
  "color": 3407871,
  "fields": [
    {
      "name": "**Game Info**",
      "value": "**White:** {white}\n**Black:** {black}",
      "inline": true
    },
    {
      "name": "\u200b",
      "value": "**Ranked:** {ranked}\n**Time:** {time}\n",
      "inline": true
    },
    {
      "name": "**Spectator Link**",
      "value": "[Spectate Game]({link})\n\nClick thhe link above to watch the game and it's results in real time!"
    }
  ]
}